Adams|Pennsylvania
Allegheny|Pennsylvania
Armstrong|Pennsylvania
Beaver|Pennsylvania
Bedford|Pennsylvania
Berks|Pennsylvania
Blair|Pennsylvania
Bradford|Pennsylvania
Bucks|Pennsylvania
Butler|Pennsylvania
Cambria|Pennsylvania
Cameron|Pennsylvania
Carbon|Pennsylvania
Centre|Pennsylvania
Chester|Pennsylvania
Clarion|Pennsylvania
Clearfield|Pennsylvania
Clinton|Pennsylvania
Columbia County|Pennsylvania
Crawford|Pennsylvania
Cumberland|Pennsylvania
Dauphin|Pennsylvania
Delaware|Pennsylvania
Elk|Pennsylvania
Erie|Pennsylvania
Fayette|Pennsylvania
Forest|Pennsylvania
Franklin|Pennsylvania
Fulton|Pennsylvania
Greene|Pennsylvania
Huntington|Pennsylvania
Indiana|Pennsylvania
Jefferson|Pennsylvania
Juniata|Pennsylvania
Lackawanna|Pennsylvania
Lancaster|Pennsylvania
Lawrence|Pennsylvania
Lebanon|Pennsylvania
Lehigh|Pennsylvania
Luzerne|Pennsylvania
Lycoming|Pennsylvania
McKean|Pennsylvania
Mercer|Pennsylvania
Mifflin|Pennsylvania
Monroe|Pennsylvania
Montgomery|Pennsylvania
Montour|Pennsylvania
Northampton|Pennsylvania
Northumberland|Pennsylvania
Perry|Pennsylvania
Philadelphia|Pennsylvania
Pike|Pennsylvania
Potter|Pennsylvania
Schuykill|Pennsylvania
Snyder|Pennsylvania
Somerset|Pennsylvania
Sullivan|Pennsylvania
Susquehanna|Pennsylvania
Tioga|Pennsylvania
Union|Pennsylvania
Venango|Pennsylvania
Warren|Pennsylvania
Washington|Pennsylvania
Wayne|Pennsylvania
Westmoreland|Pennsylvania
Wyoming|Pennsylvania
York|Pennsylvania
