Adams County Garden |We are the Master Gardeners of this county!
Allegheny County Garden |We are the Master Gardeners of this county!
Armstrong County Garden |We are the Master Gardeners of this county!
Beaver County Garden |We are the Master Gardeners of this county!
Bedford County Garden |We are the Master Gardeners of this county!
Berks County Garden |We are the Master Gardeners of this county!
Blair County Garden |We are the Master Gardeners of this county!
Bradford County Garden |We are the Master Gardeners of this county!
Bucks County Garden |We are the Master Gardeners of this county!
Butler County Garden |We are the Master Gardeners of this county!
Cambria County Garden |We are the Master Gardeners of this county!
Cameron County Garden |We are the Master Gardeners of this county!
Carbon County Garden |We are the Master Gardeners of this county!
Centre County Garden |We are the Master Gardeners of this county!
Chester County Garden |We are the Master Gardeners of this county!
Clarion County Garden |We are the Master Gardeners of this county!
Clearfield County Garden |We are the Master Gardeners of this county!
Clinton County Garden |We are the Master Gardeners of this county!
Columbia County County Garden |We are the Master Gardeners of this county!
Crawford County Garden |We are the Master Gardeners of this county!
Cumberland County Garden |We are the Master Gardeners of this county!
Dauphin County Garden |We are the Master Gardeners of this county!
Delaware County Garden |We are the Master Gardeners of this county!
Elk County Garden |We are the Master Gardeners of this county!
Erie County Garden |We are the Master Gardeners of this county!
Fayette County Garden |We are the Master Gardeners of this county!
Forest County Garden |We are the Master Gardeners of this county!
Franklin County Garden |We are the Master Gardeners of this county!
Fulton County Garden |We are the Master Gardeners of this county!
Greene County Garden |We are the Master Gardeners of this county!
Huntington County Garden |We are the Master Gardeners of this county!
Indiana County Garden |We are the Master Gardeners of this county!
Jefferson County Garden |We are the Master Gardeners of this county!
Juniata County Garden |We are the Master Gardeners of this county!
Lackawanna County Garden |We are the Master Gardeners of this county!
Lancaster County Garden |We are the Master Gardeners of this county!
Lawrence County Garden |We are the Master Gardeners of this county!
Lebanon County Garden |We are the Master Gardeners of this county!
Lehigh County Garden |We are the Master Gardeners of this county!
Luzerne County Garden |We are the Master Gardeners of this county!
Lycoming County Garden |We are the Master Gardeners of this county!
McKean County Garden |We are the Master Gardeners of this county!
Mercer County Garden |We are the Master Gardeners of this county!
Mifflin County Garden |We are the Master Gardeners of this county!
Monroe County Garden |We are the Master Gardeners of this county!
Montgomery County Garden |We are the Master Gardeners of this county!
Montour County Garden |We are the Master Gardeners of this county!
Northampton County Garden |We are the Master Gardeners of this county!
Northumberland County Garden |We are the Master Gardeners of this county!
Perry County Garden |We are the Master Gardeners of this county!
Philadelphia County Garden |We are the Master Gardeners of this county!
Pike County Garden |We are the Master Gardeners of this county!
Potter County Garden |We are the Master Gardeners of this county!
Schuykill County Garden |We are the Master Gardeners of this county!
Snyder County Garden |We are the Master Gardeners of this county!
Somerset County Garden |We are the Master Gardeners of this county!
Sullivan County Garden |We are the Master Gardeners of this county!
Susquehanna County Garden |We are the Master Gardeners of this county!
Tioga County Garden |We are the Master Gardeners of this county!
Union County Garden |We are the Master Gardeners of this county!
Venango County Garden |We are the Master Gardeners of this county!
Warren County Garden |We are the Master Gardeners of this county!
Washington County Garden |We are the Master Gardeners of this county!
Wayne County Garden |We are the Master Gardeners of this county!
Westmoreland County Garden |We are the Master Gardeners of this county!
Wyoming County Garden |We are the Master Gardeners of this county!
York County Garden |We are the Master Gardeners of this county!
